dataset,seed_no,measurement_type,measurement_num,EXTREME_pixel_observe,measurement_loss,MSE_loss,noise,round
mnist,2024,gaussian_block_adaptive,10,NA,22.399292274373945,0.04769712740386717,0_0,0
mnist,2024,gaussian_block_adaptive,10,NA,35.118973965252856,0.07735970895712316,0_0,1
mnist,2024,gaussian_block_adaptive,10,NA,18.618349645326212,0.08183796498236418,0_0,2
mnist,2024,gaussian_block_adaptive,20,NA,21.528207495207536,0.03995451185533465,0_0,0
mnist,2024,gaussian_block_adaptive,20,NA,67.5359901830967,0.06331356305708748,0_0,1
mnist,2024,gaussian_block_adaptive,20,NA,59.00147546198923,0.027595055879716678,0_0,2
mnist,2024,gaussian_block_adaptive,30,NA,28.105163792986488,0.03502347166893728,0_0,0
mnist,2024,gaussian_block_adaptive,30,NA,35.51670621512164,0.0318271222722128,0_0,1
mnist,2024,gaussian_block_adaptive,30,NA,19.338262593888082,0.023158261447944604,0_0,2
mnist,2024,gaussian_block_adaptive,40,NA,17.445344292323398,0.014250112811443755,0_0,0
mnist,2024,gaussian_block_adaptive,40,NA,41.09648771462705,0.021819873141514207,0_0,1
mnist,2024,gaussian_block_adaptive,40,NA,69.1883816573423,0.09275027774934506,0_0,2
mnist,2024,gaussian_block_adaptive,50,NA,24.977348183721936,0.04277455104218457,0_0,0
mnist,2024,gaussian_block_adaptive,50,NA,83.12444985261129,0.06863045680448497,0_0,1
mnist,2024,gaussian_block_adaptive,50,NA,65.93413602095953,0.03585091718451803,0_0,2
mnist,2024,gaussian_block_adaptive,10,NA,24.388449085090638,0.09747450095351001,0_1,0
mnist,2024,gaussian_block_adaptive,10,NA,13.580032226544242,0.10048171284683677,0_1,1
mnist,2024,gaussian_block_adaptive,10,NA,29.532471327083147,0.0665402862541812,0_1,2
mnist,2024,gaussian_block_adaptive,20,NA,24.667541618374294,0.03932702928621051,0_1,0
mnist,2024,gaussian_block_adaptive,20,NA,77.7182592936252,0.05287886385827406,0_1,1
mnist,2024,gaussian_block_adaptive,20,NA,26.352696075007856,0.047739573659588905,0_1,2
mnist,2024,gaussian_block_adaptive,30,NA,43.58133621500533,0.053973640746370684,0_1,0
mnist,2024,gaussian_block_adaptive,30,NA,75.72088694296892,0.056984812858551406,0_1,1
mnist,2024,gaussian_block_adaptive,30,NA,52.347118081941964,0.061541416901764054,0_1,2
mnist,2024,gaussian_block_adaptive,40,NA,29.99842805542235,0.02294334928293276,0_1,0
mnist,2024,gaussian_block_adaptive,40,NA,71.99434741004059,0.02939634370041631,0_1,1
mnist,2024,gaussian_block_adaptive,40,NA,27.614387656761245,0.015757145047750307,0_1,2
mnist,2024,gaussian_block_adaptive,50,NA,28.40230865756282,0.044502276912738496,0_1,0
mnist,2024,gaussian_block_adaptive,50,NA,79.01913681518216,0.05453742155401773,0_1,1
mnist,2024,gaussian_block_adaptive,50,NA,57.984839605566656,0.032702009772424226,0_1,2
mnist,2024,gaussian_block_adaptive,10,NA,26.669388085429272,0.039526305116866084,0_5,0
mnist,2024,gaussian_block_adaptive,10,NA,31.276008315280926,0.06623319387693258,0_5,1
mnist,2024,gaussian_block_adaptive,10,NA,24.250899839221514,0.09614691393319798,0_5,2
mnist,2024,gaussian_block_adaptive,20,NA,12.317195919729047,0.01831098874811708,0_5,0
mnist,2024,gaussian_block_adaptive,20,NA,75.65831288571603,0.05849970707170542,0_5,1
mnist,2024,gaussian_block_adaptive,20,NA,19.570561907930863,0.05081712081678474,0_5,2
mnist,2024,gaussian_block_adaptive,30,NA,24.827582574148003,0.02435132837952324,0_5,0
mnist,2024,gaussian_block_adaptive,30,NA,32.53044469267772,0.016484164790265425,0_5,1
mnist,2024,gaussian_block_adaptive,30,NA,49.554123650625044,0.0369687559292756,0_5,2
mnist,2024,gaussian_block_adaptive,40,NA,27.93722561311041,0.04398573834581165,0_5,0
mnist,2024,gaussian_block_adaptive,40,NA,104.00117655768204,0.06719032201282171,0_5,1
mnist,2024,gaussian_block_adaptive,40,NA,23.25156838883659,0.02545705951755874,0_5,2
mnist,2024,gaussian_block_adaptive,50,NA,15.99195483461599,0.013339415926265277,0_5,0
mnist,2024,gaussian_block_adaptive,50,NA,72.53715283324007,0.04982452466158949,0_5,1
mnist,2024,gaussian_block_adaptive,50,NA,31.460073571222015,0.01670954845289595,0_5,2
mnist,2024,gaussian_block_adaptive,10,NA,52.18132181596864,0.12278431770476816,1_5,0
mnist,2024,gaussian_block_adaptive,10,NA,36.21149342909381,0.08442228514607698,1_5,1
mnist,2024,gaussian_block_adaptive,10,NA,22.400858271470348,0.01285558417374324,1_5,2
mnist,2024,gaussian_block_adaptive,20,NA,23.106161166426393,0.044212213555875235,1_5,0
mnist,2024,gaussian_block_adaptive,20,NA,84.33631632602653,0.04768345273950943,1_5,1
mnist,2024,gaussian_block_adaptive,20,NA,28.591308163240825,0.07807839158024402,1_5,2
mnist,2024,gaussian_block_adaptive,30,NA,34.747039889814936,0.03006595876731747,1_5,0
mnist,2024,gaussian_block_adaptive,30,NA,64.0298750498132,0.16365060527147035,1_5,1
mnist,2024,gaussian_block_adaptive,30,NA,23.006625163158557,0.022705103237884487,1_5,2
mnist,2024,gaussian_block_adaptive,40,NA,36.78390403568134,0.03873624113294131,1_5,0
mnist,2024,gaussian_block_adaptive,40,NA,36.71714599457343,0.016908015399038585,1_5,1
mnist,2024,gaussian_block_adaptive,40,NA,37.32938734317,0.018571519110401925,1_5,2
mnist,2024,gaussian_block_adaptive,50,NA,48.20139636180957,0.054285046726502334,1_5,0
mnist,2024,gaussian_block_adaptive,50,NA,72.34396706167703,0.060640517179784394,1_5,1
mnist,2024,gaussian_block_adaptive,50,NA,89.77458827921659,0.03691179810391288,1_5,2
mnist,2024,gaussian_block_adaptive,10,NA,43.586503765750884,0.09008091162646345,5_0,0
mnist,2024,gaussian_block_adaptive,10,NA,34.99607911736568,0.07136064307852798,5_0,1
mnist,2024,gaussian_block_adaptive,10,NA,59.321042842916185,0.0698378822443839,5_0,2
mnist,2024,gaussian_block_adaptive,20,NA,62.35807268204908,0.017268559472002714,5_0,0
mnist,2024,gaussian_block_adaptive,20,NA,59.23872235412159,0.10458932275378445,5_0,1
mnist,2024,gaussian_block_adaptive,20,NA,47.72448514673559,0.10546007464850231,5_0,2
mnist,2024,gaussian_block_adaptive,30,NA,43.929299969324624,0.09433233819232903,5_0,0
mnist,2024,gaussian_block_adaptive,30,NA,45.3194375669241,0.03219114090053764,5_0,1
mnist,2024,gaussian_block_adaptive,30,NA,53.74532164212561,0.043718085888098994,5_0,2
mnist,2024,gaussian_block_adaptive,40,NA,44.01740438107437,0.027826450451250522,5_0,0
mnist,2024,gaussian_block_adaptive,40,NA,54.36883590256589,0.037289437865743104,5_0,1
mnist,2024,gaussian_block_adaptive,40,NA,65.25944031705554,0.021739282183029816,5_0,2
mnist,2024,gaussian_block_adaptive,50,NA,37.13782144060757,0.015119927492983914,5_0,0
mnist,2024,gaussian_block_adaptive,50,NA,54.15499445066919,0.01398961605025532,5_0,1
mnist,2024,gaussian_block_adaptive,50,NA,82.5431341474866,0.04658415645810813,5_0,2
mnist,2024,gaussian_block_adaptive,10,NA,32.99561538603048,0.1251628811809102,10_0,0
mnist,2024,gaussian_block_adaptive,10,NA,36.013762314487124,0.07115869100177388,10_0,1
mnist,2024,gaussian_block_adaptive,10,NA,41.01783958631213,0.09386603734345574,10_0,2
mnist,2024,gaussian_block_adaptive,20,NA,89.74547267642747,0.04011132623971913,10_0,0
mnist,2024,gaussian_block_adaptive,20,NA,108.1006512447423,0.09829916306868908,10_0,1
mnist,2024,gaussian_block_adaptive,20,NA,65.50803563267559,0.0669517053401385,10_0,2
mnist,2024,gaussian_block_adaptive,30,NA,169.69590365212136,0.05476673453745636,10_0,0
mnist,2024,gaussian_block_adaptive,30,NA,79.6532588938658,0.0588510780230483,10_0,1
mnist,2024,gaussian_block_adaptive,30,NA,87.77823676761842,0.05391232015580821,10_0,2
mnist,2024,gaussian_block_adaptive,40,NA,86.03580960922787,0.042950043901479655,10_0,0
mnist,2024,gaussian_block_adaptive,40,NA,129.06170317042657,0.09421107955406778,10_0,1
mnist,2024,gaussian_block_adaptive,40,NA,85.35573476450185,0.04820304337352364,10_0,2
mnist,2024,gaussian_block_adaptive,50,NA,110.00521683030345,0.062318081470153226,10_0,0
mnist,2024,gaussian_block_adaptive,50,NA,121.05560257212974,0.04789843329091154,10_0,1
mnist,2024,gaussian_block_adaptive,50,NA,99.1822740151675,0.0395088458879125,10_0,2
mnist,2024,gaussian_block_adaptive,10,NA,173.37963482048326,0.10404197125768544,20_0,0
mnist,2024,gaussian_block_adaptive,10,NA,26.92409398994632,0.07900777597963829,20_0,1
mnist,2024,gaussian_block_adaptive,10,NA,75.24152481856171,0.14896503001072375,20_0,2
mnist,2024,gaussian_block_adaptive,20,NA,240.22742034847016,0.08910592074741062,20_0,0
mnist,2024,gaussian_block_adaptive,20,NA,128.2497322505045,0.09180828376448631,20_0,1
mnist,2024,gaussian_block_adaptive,20,NA,241.3874393646178,0.08151902364327539,20_0,2
mnist,2024,gaussian_block_adaptive,30,NA,280.3557436992407,0.06833695653229867,20_0,0
mnist,2024,gaussian_block_adaptive,30,NA,226.6971009114621,0.09113349403851108,20_0,1
mnist,2024,gaussian_block_adaptive,30,NA,310.778468581856,0.08692590829331573,20_0,2
mnist,2024,gaussian_block_adaptive,40,NA,440.8249305376179,0.12462610055878767,20_0,0
mnist,2024,gaussian_block_adaptive,40,NA,277.78974870706736,0.11007455723359295,20_0,1
mnist,2024,gaussian_block_adaptive,40,NA,321.2009348509834,0.09336509394485074,20_0,2
mnist,2024,gaussian_block_adaptive,50,NA,390.60474776260344,0.08990847804936562,20_0,0
mnist,2024,gaussian_block_adaptive,50,NA,359.3384110428012,0.1119639201444464,20_0,1
mnist,2024,gaussian_block_adaptive,50,NA,341.9536479124705,0.12585714849263865,20_0,2
mnist,2024,gaussian_block_adaptive,10,NA,226.48718539342752,0.14332167329133366,25_0,0
mnist,2024,gaussian_block_adaptive,10,NA,739.926877330972,0.15685271274783844,25_0,1
mnist,2024,gaussian_block_adaptive,10,NA,216.02372537867922,0.12201464997868479,25_0,2
mnist,2024,gaussian_block_adaptive,20,NA,746.6297231508381,0.07434341561343177,25_0,0
mnist,2024,gaussian_block_adaptive,20,NA,274.56246868805215,0.12109331357904167,25_0,1
mnist,2024,gaussian_block_adaptive,20,NA,253.28752069560542,0.09624288674001487,25_0,2
mnist,2024,gaussian_block_adaptive,30,NA,501.2090203107634,0.07584897443168966,25_0,0
mnist,2024,gaussian_block_adaptive,30,NA,577.7337816733246,0.15492027590692897,25_0,1
mnist,2024,gaussian_block_adaptive,30,NA,343.85813788550587,0.12649433685101052,25_0,2
mnist,2024,gaussian_block_adaptive,40,NA,635.8473890875981,0.21094416403635896,25_0,0
mnist,2024,gaussian_block_adaptive,40,NA,519.9824620969995,0.09276453997339999,25_0,1
mnist,2024,gaussian_block_adaptive,40,NA,421.4171170778078,0.13706493558341945,25_0,2
mnist,2024,gaussian_block_adaptive,50,NA,514.8600136754588,0.07887109261101836,25_0,0
mnist,2024,gaussian_block_adaptive,50,NA,457.7062727377463,0.14281846259951012,25_0,1
mnist,2024,gaussian_block_adaptive,50,NA,537.6077130231511,0.13154793952683497,25_0,2
mnist,2024,gaussian_block_adaptive,10,NA,255.82504146104958,0.0751767758154831,30_0,0
mnist,2024,gaussian_block_adaptive,10,NA,467.04996038163847,0.11906328030537551,30_0,1
mnist,2024,gaussian_block_adaptive,10,NA,428.7897034865215,0.1313013745117594,30_0,2
mnist,2024,gaussian_block_adaptive,20,NA,461.93416652645584,0.14505810820621207,30_0,0
mnist,2024,gaussian_block_adaptive,20,NA,483.2649278417316,0.11913798727935826,30_0,1
mnist,2024,gaussian_block_adaptive,20,NA,680.5420012542565,0.1634315146685079,30_0,2
mnist,2024,gaussian_block_adaptive,30,NA,586.9931449313268,0.07914868686231355,30_0,0
mnist,2024,gaussian_block_adaptive,30,NA,794.7584173539192,0.1295515026423807,30_0,1
mnist,2024,gaussian_block_adaptive,30,NA,828.4335089893906,0.07313922060250964,30_0,2
mnist,2024,gaussian_block_adaptive,40,NA,757.0134349944786,0.08889261977604701,30_0,0
mnist,2024,gaussian_block_adaptive,40,NA,597.5077148801842,0.05149800674928543,30_0,1
mnist,2024,gaussian_block_adaptive,40,NA,597.9551972155621,0.07021121887555709,30_0,2
mnist,2024,gaussian_block_adaptive,50,NA,502.5024866134955,0.1154970963631057,30_0,0
mnist,2024,gaussian_block_adaptive,50,NA,529.1061260939548,0.053238649516602676,30_0,1
mnist,2024,gaussian_block_adaptive,50,NA,633.2386787449855,0.15862890382094827,30_0,2
mnist,2026,gaussian_block_adaptive,10,NA,11.774908491477039,0.07025056079258861,0_0,0
mnist,2026,gaussian_block_adaptive,10,NA,28.442133857163878,0.07335833324855592,0_0,1
mnist,2026,gaussian_block_adaptive,10,NA,33.10983053750246,0.07354827317564124,0_0,2
mnist,2026,gaussian_block_adaptive,20,NA,27.56555563355679,0.06713626759810142,0_0,0
mnist,2026,gaussian_block_adaptive,20,NA,27.991945990324393,0.12571833456277495,0_0,1
mnist,2026,gaussian_block_adaptive,20,NA,56.88855307971396,0.06253553029494771,0_0,2
mnist,2026,gaussian_block_adaptive,30,NA,39.332968969419774,0.06123822287952399,0_0,0
mnist,2026,gaussian_block_adaptive,30,NA,48.277471779312435,0.02145092678368659,0_0,1
mnist,2026,gaussian_block_adaptive,30,NA,49.209664821469154,0.06392875912002384,0_0,2
mnist,2026,gaussian_block_adaptive,40,NA,30.828411402935537,0.02006869261494161,0_0,0
mnist,2026,gaussian_block_adaptive,40,NA,65.29404377710598,0.0597280069727838,0_0,1
mnist,2026,gaussian_block_adaptive,40,NA,62.48733210326604,0.04054841948906388,0_0,2
mnist,2026,gaussian_block_adaptive,50,NA,56.9315786792989,0.03753852326965307,0_0,0
mnist,2026,gaussian_block_adaptive,50,NA,65.47512661474943,0.04997492411051891,0_0,1
mnist,2026,gaussian_block_adaptive,50,NA,45.135719436635576,0.039116747556986776,0_0,2
mnist,2026,gaussian_block_adaptive,10,NA,37.09159364754744,0.07292729072790419,0_1,0
mnist,2026,gaussian_block_adaptive,10,NA,21.51613388103745,0.10670926410523442,0_1,1
mnist,2026,gaussian_block_adaptive,10,NA,32.5574454788168,0.08038678669263204,0_1,2
mnist,2026,gaussian_block_adaptive,20,NA,57.98428657961453,0.04347066981831477,0_1,0
mnist,2026,gaussian_block_adaptive,20,NA,54.85126431024943,0.0743160092101057,0_1,1
mnist,2026,gaussian_block_adaptive,20,NA,40.94727862522896,0.11860439219208374,0_1,2
mnist,2026,gaussian_block_adaptive,30,NA,33.60274639915201,0.03406654944803648,0_1,0
mnist,2026,gaussian_block_adaptive,30,NA,78.61765482105513,0.09619119605869977,0_1,1
mnist,2026,gaussian_block_adaptive,30,NA,23.39341178753027,0.02466186737982466,0_1,2
mnist,2026,gaussian_block_adaptive,40,NA,33.29759993137158,0.02101866513922404,0_1,0
mnist,2026,gaussian_block_adaptive,40,NA,56.72363310507144,0.040724863051928135,0_1,1
mnist,2026,gaussian_block_adaptive,40,NA,73.40251138128491,0.0407666952119986,0_1,2
mnist,2026,gaussian_block_adaptive,50,NA,48.76573369863486,0.029075193718908845,0_1,0
mnist,2026,gaussian_block_adaptive,50,NA,76.22725112748975,0.06542205398401468,0_1,1
mnist,2026,gaussian_block_adaptive,50,NA,70.60519809867455,0.03895227304073323,0_1,2
mnist,2026,gaussian_block_adaptive,10,NA,23.88209759422149,0.05247963858638057,0_5,0
mnist,2026,gaussian_block_adaptive,10,NA,29.525436892379012,0.0674378123355649,0_5,1
mnist,2026,gaussian_block_adaptive,10,NA,33.98131634419347,0.10865727052162047,0_5,2
mnist,2026,gaussian_block_adaptive,20,NA,33.71008384171601,0.0788866186707157,0_5,0
mnist,2026,gaussian_block_adaptive,20,NA,31.334408075215585,0.07550045546806733,0_5,1
mnist,2026,gaussian_block_adaptive,20,NA,43.93095871603323,0.08921336130189174,0_5,2
mnist,2026,gaussian_block_adaptive,30,NA,22.20466557819988,0.03058988278358205,0_5,0
mnist,2026,gaussian_block_adaptive,30,NA,77.39006290957117,0.06573863860905187,0_5,1
mnist,2026,gaussian_block_adaptive,30,NA,79.07059032729066,0.0416223282532769,0_5,2
mnist,2026,gaussian_block_adaptive,40,NA,57.395958193960084,0.05359131431818522,0_5,0
mnist,2026,gaussian_block_adaptive,40,NA,47.22692428472705,0.032606223065150625,0_5,1
mnist,2026,gaussian_block_adaptive,40,NA,68.25409742141582,0.04825199428234725,0_5,2
mnist,2026,gaussian_block_adaptive,50,NA,50.91288732583931,0.03375130212374793,0_5,0
mnist,2026,gaussian_block_adaptive,50,NA,83.67424392651532,0.12782654713133032,0_5,1
mnist,2026,gaussian_block_adaptive,50,NA,48.94679625750321,0.035529657502893684,0_5,2
mnist,2026,gaussian_block_adaptive,10,NA,21.601355935965866,0.10871985389193435,1_5,0
mnist,2026,gaussian_block_adaptive,10,NA,39.091549028056534,0.04594202023094939,1_5,1
mnist,2026,gaussian_block_adaptive,10,NA,14.59195709562161,0.0395466776274825,1_5,2
mnist,2026,gaussian_block_adaptive,20,NA,41.57511529708303,0.07099247838344244,1_5,0
mnist,2026,gaussian_block_adaptive,20,NA,76.185929562673,0.042397876317947,1_5,1
mnist,2026,gaussian_block_adaptive,20,NA,44.789419827701785,0.09162355864664758,1_5,2
mnist,2026,gaussian_block_adaptive,30,NA,29.002099691822988,0.03611953186722171,1_5,0
mnist,2026,gaussian_block_adaptive,30,NA,40.83305261931436,0.06230778386681214,1_5,1
mnist,2026,gaussian_block_adaptive,30,NA,37.85543680117316,0.032312539581953466,1_5,2
mnist,2026,gaussian_block_adaptive,40,NA,46.06048786889677,0.01790450421777089,1_5,0
mnist,2026,gaussian_block_adaptive,40,NA,50.99809540111645,0.04019616379981918,1_5,1
mnist,2026,gaussian_block_adaptive,40,NA,69.92921820548483,0.0865417688693229,1_5,2
mnist,2026,gaussian_block_adaptive,50,NA,48.55750148590621,0.03148979760882972,1_5,0
mnist,2026,gaussian_block_adaptive,50,NA,75.08168767181255,0.06570534502113555,1_5,1
mnist,2026,gaussian_block_adaptive,50,NA,51.1932540176844,0.04861516142574621,1_5,2
mnist,2026,gaussian_block_adaptive,10,NA,24.55575541101034,0.06506297356459097,5_0,0
mnist,2026,gaussian_block_adaptive,10,NA,20.563512984707565,0.05358886407400603,5_0,1
mnist,2026,gaussian_block_adaptive,10,NA,15.765565099722565,0.10596143155165254,5_0,2
mnist,2026,gaussian_block_adaptive,20,NA,55.6933099086648,0.029754955175553363,5_0,0
mnist,2026,gaussian_block_adaptive,20,NA,67.44845163749501,0.11167570484945692,5_0,1
mnist,2026,gaussian_block_adaptive,20,NA,61.232256234456244,0.030371350796465475,5_0,2
mnist,2026,gaussian_block_adaptive,30,NA,72.70291225392417,0.04587639664856902,5_0,0
mnist,2026,gaussian_block_adaptive,30,NA,84.73939111871212,0.051651912775654236,5_0,1
mnist,2026,gaussian_block_adaptive,30,NA,45.39130305535614,0.03242154310657971,5_0,2
mnist,2026,gaussian_block_adaptive,40,NA,58.544550043973445,0.04285326655779796,5_0,0
mnist,2026,gaussian_block_adaptive,40,NA,92.6152501327047,0.05958700039266137,5_0,1
mnist,2026,gaussian_block_adaptive,40,NA,71.729393037667,0.03290194417465737,5_0,2
mnist,2026,gaussian_block_adaptive,50,NA,60.186005671926296,0.05965534297328131,5_0,0
mnist,2026,gaussian_block_adaptive,50,NA,66.36584390166969,0.05046614670535308,5_0,1
mnist,2026,gaussian_block_adaptive,50,NA,77.71657831340833,0.029103154543704886,5_0,2
mnist,2026,gaussian_block_adaptive,10,NA,63.85379767301507,0.16500465847455,10_0,0
mnist,2026,gaussian_block_adaptive,10,NA,94.17953403139843,0.07629592298965528,10_0,1
mnist,2026,gaussian_block_adaptive,10,NA,32.049337683099736,0.09039676754886546,10_0,2
mnist,2026,gaussian_block_adaptive,20,NA,75.76165622046317,0.026306548848616454,10_0,0
mnist,2026,gaussian_block_adaptive,20,NA,99.52800760719823,0.10128149823934057,10_0,1
mnist,2026,gaussian_block_adaptive,20,NA,71.51330705845918,0.07571126684637908,10_0,2
mnist,2026,gaussian_block_adaptive,30,NA,136.2016714010843,0.05154563389006931,10_0,0
mnist,2026,gaussian_block_adaptive,30,NA,128.17868926400322,0.04174317041984127,10_0,1
mnist,2026,gaussian_block_adaptive,30,NA,101.16838792316528,0.0646932069662163,10_0,2
mnist,2026,gaussian_block_adaptive,40,NA,143.73543561396335,0.0595768343180333,10_0,0
mnist,2026,gaussian_block_adaptive,40,NA,67.03778517997587,0.05509525361306196,10_0,1
mnist,2026,gaussian_block_adaptive,40,NA,120.55029041694156,0.07454858348031418,10_0,2
mnist,2026,gaussian_block_adaptive,50,NA,116.65706863953386,0.0760389219296393,10_0,0
mnist,2026,gaussian_block_adaptive,50,NA,135.9448044318388,0.0502906876902327,10_0,1
mnist,2026,gaussian_block_adaptive,50,NA,129.95834050147695,0.05040165424320935,10_0,2
mnist,2026,gaussian_block_adaptive,10,NA,88.53151547436286,0.15197694369976272,20_0,0
mnist,2026,gaussian_block_adaptive,10,NA,163.25721322337802,0.07330490423148911,20_0,1
mnist,2026,gaussian_block_adaptive,10,NA,293.4023759781066,0.09500498395179195,20_0,2
mnist,2026,gaussian_block_adaptive,20,NA,387.1642244412197,0.09075823368189287,20_0,0
mnist,2026,gaussian_block_adaptive,20,NA,190.40284709060532,0.10334741411813678,20_0,1
mnist,2026,gaussian_block_adaptive,20,NA,323.9806299204321,0.09190155992375768,20_0,2
mnist,2026,gaussian_block_adaptive,30,NA,355.3772478264293,0.11883314324938557,20_0,0
mnist,2026,gaussian_block_adaptive,30,NA,389.0283946051235,0.08119216264721552,20_0,1
mnist,2026,gaussian_block_adaptive,30,NA,248.12752636194728,0.092625477268447,20_0,2
mnist,2026,gaussian_block_adaptive,40,NA,245.62011751453647,0.08735169100971969,20_0,0
mnist,2026,gaussian_block_adaptive,40,NA,381.3248539080371,0.07754075721044475,20_0,1
mnist,2026,gaussian_block_adaptive,40,NA,449.6476196604275,0.07760918396443933,20_0,2
mnist,2026,gaussian_block_adaptive,50,NA,259.4085154253641,0.06977282776191765,20_0,0
mnist,2026,gaussian_block_adaptive,50,NA,290.5003046451133,0.06650335603298735,20_0,1
mnist,2026,gaussian_block_adaptive,50,NA,368.07239074356875,0.14760917202059246,20_0,2
mnist,2026,gaussian_block_adaptive,10,NA,154.02204798485718,0.204613938743758,25_0,0
mnist,2026,gaussian_block_adaptive,10,NA,216.34879047912037,0.13210608662835707,25_0,1
mnist,2026,gaussian_block_adaptive,10,NA,217.52037790274258,0.07843519330839549,25_0,2
mnist,2026,gaussian_block_adaptive,20,NA,246.96662831942285,0.13916952136920188,25_0,0
mnist,2026,gaussian_block_adaptive,20,NA,601.6777316639418,0.1102914552599065,25_0,1
mnist,2026,gaussian_block_adaptive,20,NA,202.51962156901163,0.11177603464222798,25_0,2
mnist,2026,gaussian_block_adaptive,30,NA,553.2915697953606,0.10951065348288658,25_0,0
mnist,2026,gaussian_block_adaptive,30,NA,436.6990832740501,0.09527477077843453,25_0,1
mnist,2026,gaussian_block_adaptive,30,NA,390.8210023532036,0.09185775736421668,25_0,2
mnist,2026,gaussian_block_adaptive,40,NA,490.7099558714464,0.04477645913631554,25_0,0
mnist,2026,gaussian_block_adaptive,40,NA,569.2711925331346,0.12668791188409084,25_0,1
mnist,2026,gaussian_block_adaptive,40,NA,457.3752221960094,0.10102005436156261,25_0,2
mnist,2026,gaussian_block_adaptive,50,NA,516.4640890683286,0.10412034626531975,25_0,0
mnist,2026,gaussian_block_adaptive,50,NA,404.3090802927487,0.10664219674537946,25_0,1
mnist,2026,gaussian_block_adaptive,50,NA,420.1635363189821,0.0857000792696837,25_0,2
mnist,2026,gaussian_block_adaptive,10,NA,145.89746837524467,0.1136921416077063,30_0,0
mnist,2026,gaussian_block_adaptive,10,NA,234.71649652207626,0.12119239328577526,30_0,1
mnist,2026,gaussian_block_adaptive,10,NA,140.14855181557587,0.15023394593101516,30_0,2
mnist,2026,gaussian_block_adaptive,20,NA,783.4664689282417,0.12343025589460759,30_0,0
mnist,2026,gaussian_block_adaptive,20,NA,232.8277900673332,0.10906027966226545,30_0,1
mnist,2026,gaussian_block_adaptive,20,NA,238.0698824293053,0.14550798746801444,30_0,2
mnist,2026,gaussian_block_adaptive,30,NA,538.3928554701594,0.12365953826240238,30_0,0
mnist,2026,gaussian_block_adaptive,30,NA,757.4759387027722,0.15132863305250716,30_0,1
mnist,2026,gaussian_block_adaptive,30,NA,603.7707048696211,0.1317505775386735,30_0,2
mnist,2026,gaussian_block_adaptive,40,NA,982.0718592865699,0.14937004386228125,30_0,0
mnist,2026,gaussian_block_adaptive,40,NA,709.149475252488,0.10126720480214857,30_0,1
mnist,2026,gaussian_block_adaptive,40,NA,324.42402837366353,0.09081131522155075,30_0,2
mnist,2026,gaussian_block_adaptive,50,NA,1052.4964411609353,0.1229306675048387,30_0,0
mnist,2026,gaussian_block_adaptive,50,NA,691.5768992165606,0.07432944008851972,30_0,1
mnist,2026,gaussian_block_adaptive,50,NA,551.6625586439833,0.09327120878700902,30_0,2
mnist,2030,gaussian_block_adaptive,10,NA,53.70414199359236,0.11665683121879293,0_0,0
mnist,2030,gaussian_block_adaptive,10,NA,18.064361297396662,0.14300776760540262,0_0,1
mnist,2030,gaussian_block_adaptive,10,NA,39.19110419245784,0.10242570088794911,0_0,2
mnist,2030,gaussian_block_adaptive,20,NA,72.03672807874105,0.12473155132004599,0_0,0
mnist,2030,gaussian_block_adaptive,20,NA,76.02470490140374,0.09233472284544221,0_0,1
mnist,2030,gaussian_block_adaptive,20,NA,72.71158111604117,0.13363360076407527,0_0,2
mnist,2030,gaussian_block_adaptive,30,NA,57.94718985175306,0.10511954309671812,0_0,0
mnist,2030,gaussian_block_adaptive,30,NA,68.72719217857002,0.16295892644389628,0_0,1
mnist,2030,gaussian_block_adaptive,30,NA,59.46097976221108,0.07763569678542831,0_0,2
mnist,2030,gaussian_block_adaptive,40,NA,95.1488399901184,0.09408624760201131,0_0,0
mnist,2030,gaussian_block_adaptive,40,NA,58.42149946663979,0.0701894015147118,0_0,1
mnist,2030,gaussian_block_adaptive,40,NA,37.81568904916765,0.038457324885972734,0_0,2
mnist,2030,gaussian_block_adaptive,50,NA,79.77074991542908,0.049501704298748284,0_0,0
mnist,2030,gaussian_block_adaptive,50,NA,128.27102397559673,0.09003309248092914,0_0,1
mnist,2030,gaussian_block_adaptive,50,NA,109.47472133012381,0.06608927113553277,0_0,2
mnist,2030,gaussian_block_adaptive,10,NA,85.79840497082051,0.12511223642950656,0_1,0
mnist,2030,gaussian_block_adaptive,10,NA,40.575588199075625,0.1786373374043361,0_1,1
mnist,2030,gaussian_block_adaptive,10,NA,35.620537559540736,0.1181767831464158,0_1,2
mnist,2030,gaussian_block_adaptive,20,NA,47.62149857956031,0.13131202816608495,0_1,0
mnist,2030,gaussian_block_adaptive,20,NA,57.85933305366429,0.13909875714845066,0_1,1
mnist,2030,gaussian_block_adaptive,20,NA,75.47910454632547,0.03999325815599318,0_1,2
mnist,2030,gaussian_block_adaptive,30,NA,62.167958728616526,0.12490798884978561,0_1,0
mnist,2030,gaussian_block_adaptive,30,NA,81.62583048070469,0.1506715192799038,0_1,1
mnist,2030,gaussian_block_adaptive,30,NA,52.97967399962565,0.04601469874263977,0_1,2
mnist,2030,gaussian_block_adaptive,40,NA,80.12084278721252,0.11021286145401074,0_1,0
mnist,2030,gaussian_block_adaptive,40,NA,75.69455188665869,0.13134115634399615,0_1,1
mnist,2030,gaussian_block_adaptive,40,NA,69.74728466808968,0.06023657672417752,0_1,2
mnist,2030,gaussian_block_adaptive,50,NA,78.32605501456983,0.11507040202554819,0_1,0
mnist,2030,gaussian_block_adaptive,50,NA,56.57595837264048,0.05288958094134996,0_1,1
mnist,2030,gaussian_block_adaptive,50,NA,86.55017981164912,0.06380799624088025,0_1,2
mnist,2030,gaussian_block_adaptive,10,NA,24.57044799191548,0.1657634660372311,0_5,0
mnist,2030,gaussian_block_adaptive,10,NA,53.24322831413095,0.14667310032329253,0_5,1
mnist,2030,gaussian_block_adaptive,10,NA,44.06586439382729,0.10979272220302262,0_5,2
mnist,2030,gaussian_block_adaptive,20,NA,57.16959754111817,0.13871551498287057,0_5,0
mnist,2030,gaussian_block_adaptive,20,NA,86.85824553183186,0.12610751731226297,0_5,1
mnist,2030,gaussian_block_adaptive,20,NA,56.81598162334969,0.09335849031087352,0_5,2
mnist,2030,gaussian_block_adaptive,30,NA,53.878330468662135,0.10616271423765884,0_5,0
mnist,2030,gaussian_block_adaptive,30,NA,68.95724571080122,0.11292068093090578,0_5,1
mnist,2030,gaussian_block_adaptive,30,NA,69.05102132499027,0.04538741968702568,0_5,2
mnist,2030,gaussian_block_adaptive,40,NA,63.12222612951355,0.10869558352632687,0_5,0
mnist,2030,gaussian_block_adaptive,40,NA,77.92662575281763,0.07324189823142781,0_5,1
mnist,2030,gaussian_block_adaptive,40,NA,119.78208357531723,0.14059589637320072,0_5,2
mnist,2030,gaussian_block_adaptive,50,NA,83.23522200838909,0.06790603930552214,0_5,0
mnist,2030,gaussian_block_adaptive,50,NA,88.44716606436879,0.06737343081336651,0_5,1
mnist,2030,gaussian_block_adaptive,50,NA,82.942458145105,0.10129608013357963,0_5,2
mnist,2030,gaussian_block_adaptive,10,NA,53.28844422648733,0.08797623034556952,1_5,0
mnist,2030,gaussian_block_adaptive,10,NA,27.925222003498106,0.21704003563832117,1_5,1
mnist,2030,gaussian_block_adaptive,10,NA,79.2158869231293,0.0902687002316237,1_5,2
mnist,2030,gaussian_block_adaptive,20,NA,55.3988593244092,0.127757020567296,1_5,0
mnist,2030,gaussian_block_adaptive,20,NA,55.96887885638694,0.08814264403880341,1_5,1
mnist,2030,gaussian_block_adaptive,20,NA,25.53564996882542,0.07748717989502146,1_5,2
mnist,2030,gaussian_block_adaptive,30,NA,46.41171143968123,0.10679032289201434,1_5,0
mnist,2030,gaussian_block_adaptive,30,NA,76.12577686930835,0.11096112878650696,1_5,1
mnist,2030,gaussian_block_adaptive,30,NA,41.21898753833198,0.09193900006658684,1_5,2
mnist,2030,gaussian_block_adaptive,40,NA,90.46770129904098,0.12488418049855547,1_5,0
mnist,2030,gaussian_block_adaptive,40,NA,102.84544284802152,0.13732658961978994,1_5,1
mnist,2030,gaussian_block_adaptive,40,NA,71.4901385293189,0.10251091109219079,1_5,2
mnist,2030,gaussian_block_adaptive,50,NA,73.72072366801041,0.09660247267117279,1_5,0
mnist,2030,gaussian_block_adaptive,50,NA,68.90262536577056,0.0681521269374223,1_5,1
mnist,2030,gaussian_block_adaptive,50,NA,143.1151438384603,0.1274083566654632,1_5,2
mnist,2030,gaussian_block_adaptive,10,NA,55.81310385565399,0.129616524951023,5_0,0
mnist,2030,gaussian_block_adaptive,10,NA,74.31927973434475,0.09965847757997551,5_0,1
mnist,2030,gaussian_block_adaptive,10,NA,39.43512050817729,0.09927546642841596,5_0,2
mnist,2030,gaussian_block_adaptive,20,NA,78.17650686463342,0.11799240769721166,5_0,0
mnist,2030,gaussian_block_adaptive,20,NA,70.92284788213257,0.12061660175905199,5_0,1
mnist,2030,gaussian_block_adaptive,20,NA,61.070629921129786,0.10040036159118448,5_0,2
mnist,2030,gaussian_block_adaptive,30,NA,73.89572585680091,0.09701448975755095,5_0,0
mnist,2030,gaussian_block_adaptive,30,NA,68.27107484593786,0.06398149608465095,5_0,1
mnist,2030,gaussian_block_adaptive,30,NA,79.81664044381866,0.11473100305440731,5_0,2
mnist,2030,gaussian_block_adaptive,40,NA,91.02179469376087,0.07144936005561035,5_0,0
mnist,2030,gaussian_block_adaptive,40,NA,105.30054098473806,0.06540751682863838,5_0,1
mnist,2030,gaussian_block_adaptive,40,NA,82.68943021047305,0.04856106117103595,5_0,2
mnist,2030,gaussian_block_adaptive,50,NA,88.70376558982527,0.11780457721064776,5_0,0
mnist,2030,gaussian_block_adaptive,50,NA,89.84345372346152,0.06507802319327752,5_0,1
mnist,2030,gaussian_block_adaptive,50,NA,100.13383941712969,0.06386863783088026,5_0,2
mnist,2030,gaussian_block_adaptive,10,NA,85.7204173267085,0.15866459552649415,10_0,0
mnist,2030,gaussian_block_adaptive,10,NA,44.17795245517803,0.1427607597320641,10_0,1
mnist,2030,gaussian_block_adaptive,10,NA,50.94511917662,0.15044698560499492,10_0,2
mnist,2030,gaussian_block_adaptive,20,NA,109.6295416966469,0.1332935834042486,10_0,0
mnist,2030,gaussian_block_adaptive,20,NA,51.40245130608266,0.09615079100111038,10_0,1
mnist,2030,gaussian_block_adaptive,20,NA,166.4226907924926,0.0802972713952813,10_0,2
mnist,2030,gaussian_block_adaptive,30,NA,115.20143257312974,0.13286633984120982,10_0,0
mnist,2030,gaussian_block_adaptive,30,NA,110.87634791075125,0.08826098447983205,10_0,1
mnist,2030,gaussian_block_adaptive,30,NA,111.3833067230568,0.10083987605208425,10_0,2
mnist,2030,gaussian_block_adaptive,40,NA,121.11395153883367,0.11860361882216636,10_0,0
mnist,2030,gaussian_block_adaptive,40,NA,109.35976949236428,0.0811888779340758,10_0,1
mnist,2030,gaussian_block_adaptive,40,NA,158.0283831568729,0.08071657576016468,10_0,2
mnist,2030,gaussian_block_adaptive,50,NA,131.68758279478342,0.09336501574117116,10_0,0
mnist,2030,gaussian_block_adaptive,50,NA,129.32866090163267,0.05157349034233563,10_0,1
mnist,2030,gaussian_block_adaptive,50,NA,114.99103328000676,0.0995579044300997,10_0,2
mnist,2030,gaussian_block_adaptive,10,NA,257.75525265129596,0.18549273563595428,20_0,0
mnist,2030,gaussian_block_adaptive,10,NA,235.1215251312432,0.08766641934844505,20_0,1
mnist,2030,gaussian_block_adaptive,10,NA,242.87694112202544,0.20396549933591593,20_0,2
mnist,2030,gaussian_block_adaptive,20,NA,247.839833243171,0.11901897419466757,20_0,0
mnist,2030,gaussian_block_adaptive,20,NA,201.63514953784468,0.17236069449807248,20_0,1
mnist,2030,gaussian_block_adaptive,20,NA,243.92618820285043,0.18519700055355307,20_0,2
mnist,2030,gaussian_block_adaptive,30,NA,305.40351004939595,0.15253720226804388,20_0,0
mnist,2030,gaussian_block_adaptive,30,NA,569.8720046785859,0.08999505539897543,20_0,1
mnist,2030,gaussian_block_adaptive,30,NA,187.47729958693077,0.16515272583845303,20_0,2
mnist,2030,gaussian_block_adaptive,40,NA,300.735117751276,0.16784424263210954,20_0,0
mnist,2030,gaussian_block_adaptive,40,NA,233.1123436876244,0.13541686169279982,20_0,1
mnist,2030,gaussian_block_adaptive,40,NA,290.8757656740093,0.19302049747787914,20_0,2
mnist,2030,gaussian_block_adaptive,50,NA,379.6187046931278,0.13827063135276652,20_0,0
mnist,2030,gaussian_block_adaptive,50,NA,359.36704251625275,0.1147607943128893,20_0,1
mnist,2030,gaussian_block_adaptive,50,NA,232.803153716614,0.16226729909827875,20_0,2
mnist,2030,gaussian_block_adaptive,10,NA,563.8952436059888,0.12266409675235625,25_0,0
mnist,2030,gaussian_block_adaptive,10,NA,229.52996440400534,0.13717273399918745,25_0,1
mnist,2030,gaussian_block_adaptive,10,NA,112.67613291464488,0.12901552768120986,25_0,2
mnist,2030,gaussian_block_adaptive,20,NA,666.4778404838099,0.16395013126281266,25_0,0
mnist,2030,gaussian_block_adaptive,20,NA,724.6017122581026,0.12236656363127393,25_0,1
mnist,2030,gaussian_block_adaptive,20,NA,403.57992098459545,0.15828029177863778,25_0,2
mnist,2030,gaussian_block_adaptive,30,NA,233.07817286467898,0.08007601852631976,25_0,0
mnist,2030,gaussian_block_adaptive,30,NA,493.42625571526554,0.1819270477896501,25_0,1
mnist,2030,gaussian_block_adaptive,30,NA,385.1929846478716,0.1432864113997986,25_0,2
mnist,2030,gaussian_block_adaptive,40,NA,342.7620379866804,0.13495474015110512,25_0,0
mnist,2030,gaussian_block_adaptive,40,NA,521.5503605754172,0.19819494566546297,25_0,1
mnist,2030,gaussian_block_adaptive,40,NA,321.9248290170776,0.14640170246787632,25_0,2
mnist,2030,gaussian_block_adaptive,50,NA,454.49329896059515,0.15815150205997744,25_0,0
mnist,2030,gaussian_block_adaptive,50,NA,773.0422234581641,0.12008845908746021,25_0,1
mnist,2030,gaussian_block_adaptive,50,NA,514.4509831038885,0.1640200718386894,25_0,2
mnist,2030,gaussian_block_adaptive,10,NA,969.3724547483465,0.20115178519512766,30_0,0
mnist,2030,gaussian_block_adaptive,10,NA,351.52082337354034,0.1604516651833637,30_0,1
mnist,2030,gaussian_block_adaptive,10,NA,304.1081725011175,0.19074014497474323,30_0,2
mnist,2030,gaussian_block_adaptive,20,NA,832.7692843323706,0.09350573741976873,30_0,0
mnist,2030,gaussian_block_adaptive,20,NA,398.3026248067154,0.16188761313917252,30_0,1
mnist,2030,gaussian_block_adaptive,20,NA,431.9605388301845,0.15050534144441058,30_0,2
mnist,2030,gaussian_block_adaptive,30,NA,495.3165487171208,0.19006944506351633,30_0,0
mnist,2030,gaussian_block_adaptive,30,NA,422.61062534393767,0.1700321403143027,30_0,1
mnist,2030,gaussian_block_adaptive,30,NA,458.01877262945425,0.16526538520828427,30_0,2
mnist,2030,gaussian_block_adaptive,40,NA,648.9314977060628,0.2102575990330895,30_0,0
mnist,2030,gaussian_block_adaptive,40,NA,835.0378198305376,0.13655300705356094,30_0,1
mnist,2030,gaussian_block_adaptive,40,NA,786.6142614412105,0.16094980096009937,30_0,2
mnist,2030,gaussian_block_adaptive,50,NA,654.9209743273899,0.13842973165374295,30_0,0
mnist,2030,gaussian_block_adaptive,50,NA,694.0401522454887,0.11957821568840737,30_0,1
mnist,2030,gaussian_block_adaptive,50,NA,707.5204470705332,0.17282508618326087,30_0,2
mnist,2049,gaussian_block_adaptive,10,NA,40.829696855573744,0.10992040379821533,0_0,0
mnist,2049,gaussian_block_adaptive,10,NA,46.669156102398176,0.08813702970762548,0_0,1
mnist,2049,gaussian_block_adaptive,10,NA,40.931568779567364,0.1071423422546654,0_0,2
mnist,2049,gaussian_block_adaptive,20,NA,59.07623673504436,0.10781191457504538,0_0,0
mnist,2049,gaussian_block_adaptive,20,NA,45.5992723014311,0.09409229050314635,0_0,1
mnist,2049,gaussian_block_adaptive,20,NA,83.03046147660366,0.08463214100182376,0_0,2
mnist,2049,gaussian_block_adaptive,30,NA,91.63767480464092,0.15481715072357108,0_0,0
mnist,2049,gaussian_block_adaptive,30,NA,68.42857669764017,0.11957173103903528,0_0,1
mnist,2049,gaussian_block_adaptive,30,NA,71.23268017771252,0.09316381109997032,0_0,2
mnist,2049,gaussian_block_adaptive,40,NA,61.08231937259425,0.08815594911713771,0_0,0
mnist,2049,gaussian_block_adaptive,40,NA,91.45849260638704,0.09909223944690848,0_0,1
mnist,2049,gaussian_block_adaptive,40,NA,59.23851235888194,0.09301473889194624,0_0,2
mnist,2049,gaussian_block_adaptive,50,NA,64.98934941528029,0.0428711023098554,0_0,0
mnist,2049,gaussian_block_adaptive,50,NA,102.59387497137224,0.07857009036406824,0_0,1
mnist,2049,gaussian_block_adaptive,50,NA,90.39694442411745,0.1075678258407825,0_0,2
mnist,2049,gaussian_block_adaptive,10,NA,11.329566144866586,0.10607401892490653,0_1,0
mnist,2049,gaussian_block_adaptive,10,NA,47.325886446455215,0.11949914497421053,0_1,1
mnist,2049,gaussian_block_adaptive,10,NA,76.6573964621613,0.11591119249968737,0_1,2
mnist,2049,gaussian_block_adaptive,20,NA,82.6878383908577,0.1080344039893533,0_1,0
mnist,2049,gaussian_block_adaptive,20,NA,57.14830560643128,0.07492883836497963,0_1,1
mnist,2049,gaussian_block_adaptive,20,NA,69.04731999403153,0.12034237935788697,0_1,2
mnist,2049,gaussian_block_adaptive,30,NA,98.72695607697061,0.10204611964696321,0_1,0
mnist,2049,gaussian_block_adaptive,30,NA,89.8469698296277,0.10030696238083513,0_1,1
mnist,2049,gaussian_block_adaptive,30,NA,85.32869091875185,0.1051470610974595,0_1,2
mnist,2049,gaussian_block_adaptive,40,NA,84.34206931147588,0.10473819699433817,0_1,0
mnist,2049,gaussian_block_adaptive,40,NA,125.43594530588098,0.13114815061112853,0_1,1
mnist,2049,gaussian_block_adaptive,40,NA,60.480406960365166,0.0738314808926587,0_1,2
mnist,2049,gaussian_block_adaptive,50,NA,108.24526149237472,0.14711844773770621,0_1,0
mnist,2049,gaussian_block_adaptive,50,NA,91.98576098881536,0.10585302512519916,0_1,1
mnist,2049,gaussian_block_adaptive,50,NA,110.72245039272983,0.09452311264890437,0_1,2
mnist,2049,gaussian_block_adaptive,10,NA,24.268036767106118,0.11332473052296117,0_5,0
mnist,2049,gaussian_block_adaptive,10,NA,30.388111844487735,0.1276265700331546,0_5,1
mnist,2049,gaussian_block_adaptive,10,NA,92.26761028943164,0.14423760212145337,0_5,2
mnist,2049,gaussian_block_adaptive,20,NA,83.75305772207153,0.15540320466979618,0_5,0
mnist,2049,gaussian_block_adaptive,20,NA,54.08035809835904,0.07832076518889988,0_5,1
mnist,2049,gaussian_block_adaptive,20,NA,113.29426347027682,0.11689673523882878,0_5,2
mnist,2049,gaussian_block_adaptive,30,NA,84.91940876958387,0.07756305683812248,0_5,0
mnist,2049,gaussian_block_adaptive,30,NA,90.3847367747989,0.07062562968554273,0_5,1
mnist,2049,gaussian_block_adaptive,30,NA,56.195186543092596,0.10047900950080432,0_5,2
mnist,2049,gaussian_block_adaptive,40,NA,70.2553501922221,0.11183494946708618,0_5,0
mnist,2049,gaussian_block_adaptive,40,NA,90.7584640961275,0.07688844341006876,0_5,1
mnist,2049,gaussian_block_adaptive,40,NA,94.46989897767644,0.10707731881756363,0_5,2
mnist,2049,gaussian_block_adaptive,50,NA,89.689926246331,0.08547494339916195,0_5,0
mnist,2049,gaussian_block_adaptive,50,NA,63.381909873132216,0.09276430594123743,0_5,1
mnist,2049,gaussian_block_adaptive,50,NA,128.59770029589882,0.07371256350968118,0_5,2
mnist,2049,gaussian_block_adaptive,10,NA,41.59455060783207,0.14766731032058594,1_5,0
mnist,2049,gaussian_block_adaptive,10,NA,56.40390561628525,0.19186450003879582,1_5,1
mnist,2049,gaussian_block_adaptive,10,NA,45.72368993826203,0.11052705604651727,1_5,2
mnist,2049,gaussian_block_adaptive,20,NA,102.81638103498196,0.08284993184842726,1_5,0
mnist,2049,gaussian_block_adaptive,20,NA,50.25826329971119,0.09946411137316671,1_5,1
mnist,2049,gaussian_block_adaptive,20,NA,96.7986429620713,0.11484856397188144,1_5,2
mnist,2049,gaussian_block_adaptive,30,NA,92.86759941322954,0.10969476684689279,1_5,0
mnist,2049,gaussian_block_adaptive,30,NA,63.90635265930764,0.10352185873861053,1_5,1
mnist,2049,gaussian_block_adaptive,30,NA,117.53727894842133,0.09517707493021382,1_5,2
mnist,2049,gaussian_block_adaptive,40,NA,82.90564752543375,0.11848874751257181,1_5,0
mnist,2049,gaussian_block_adaptive,40,NA,93.74244712625797,0.058079405017582984,1_5,1
mnist,2049,gaussian_block_adaptive,40,NA,97.41168500698384,0.12426922853641074,1_5,2
mnist,2049,gaussian_block_adaptive,50,NA,101.46295323206265,0.1040796013684849,1_5,0
mnist,2049,gaussian_block_adaptive,50,NA,62.08182634029683,0.11306377986919289,1_5,1
mnist,2049,gaussian_block_adaptive,50,NA,91.1579126515847,0.11053413154425236,1_5,2
mnist,2049,gaussian_block_adaptive,10,NA,28.97167649010506,0.10752654729333452,5_0,0
mnist,2049,gaussian_block_adaptive,10,NA,41.13480090692398,0.12558608615440572,5_0,1
mnist,2049,gaussian_block_adaptive,10,NA,18.073201696488574,0.1233133788006639,5_0,2
mnist,2049,gaussian_block_adaptive,20,NA,55.14388509526683,0.11536156244925865,5_0,0
mnist,2049,gaussian_block_adaptive,20,NA,64.64455026821793,0.09876229217550023,5_0,1
mnist,2049,gaussian_block_adaptive,20,NA,72.7969541710165,0.17581299285072102,5_0,2
mnist,2049,gaussian_block_adaptive,30,NA,141.1466158352687,0.09028510346066258,5_0,0
mnist,2049,gaussian_block_adaptive,30,NA,99.79562097140858,0.07737775684035099,5_0,1
mnist,2049,gaussian_block_adaptive,30,NA,82.62979408307345,0.11612879171799494,5_0,2
mnist,2049,gaussian_block_adaptive,40,NA,77.24480561870382,0.09475138667004615,5_0,0
mnist,2049,gaussian_block_adaptive,40,NA,109.39574595121174,0.10302097307388239,5_0,1
mnist,2049,gaussian_block_adaptive,40,NA,87.81673144963621,0.14194225614421008,5_0,2
mnist,2049,gaussian_block_adaptive,50,NA,108.60785384608558,0.07589383472704214,5_0,0
mnist,2049,gaussian_block_adaptive,50,NA,116.49142801301464,0.12878901946461174,5_0,1
mnist,2049,gaussian_block_adaptive,50,NA,111.07036683820972,0.10132734380831501,5_0,2
mnist,2049,gaussian_block_adaptive,10,NA,30.515906316058476,0.131004155543073,10_0,0
mnist,2049,gaussian_block_adaptive,10,NA,90.01493222035378,0.11964096431820868,10_0,1
mnist,2049,gaussian_block_adaptive,10,NA,56.65962799027616,0.15302502157483763,10_0,2
mnist,2049,gaussian_block_adaptive,20,NA,161.01819823984854,0.08536599979335105,10_0,0
mnist,2049,gaussian_block_adaptive,20,NA,175.91150207834235,0.13426022505034524,10_0,1
mnist,2049,gaussian_block_adaptive,20,NA,134.04921012753334,0.1297006240277484,10_0,2
mnist,2049,gaussian_block_adaptive,30,NA,115.6704194291972,0.13453007033299771,10_0,0
mnist,2049,gaussian_block_adaptive,30,NA,169.76251962808868,0.16585146255757785,10_0,1
mnist,2049,gaussian_block_adaptive,30,NA,77.72206171699149,0.08271044895566843,10_0,2
mnist,2049,gaussian_block_adaptive,40,NA,99.52876464775497,0.07413667177106859,10_0,0
mnist,2049,gaussian_block_adaptive,40,NA,196.26600078532482,0.09752266470142383,10_0,1
mnist,2049,gaussian_block_adaptive,40,NA,175.66477826942344,0.1420853573019955,10_0,2
mnist,2049,gaussian_block_adaptive,50,NA,176.86323684039792,0.158449858671736,10_0,0
mnist,2049,gaussian_block_adaptive,50,NA,160.2283584912059,0.1081959820609087,10_0,1
mnist,2049,gaussian_block_adaptive,50,NA,208.63137209905418,0.07141754955312442,10_0,2
mnist,2049,gaussian_block_adaptive,10,NA,177.53878108804435,0.1461153755785408,20_0,0
mnist,2049,gaussian_block_adaptive,10,NA,181.48790596841482,0.18733039381991456,20_0,1
mnist,2049,gaussian_block_adaptive,10,NA,68.8383111252714,0.1506592001422203,20_0,2
mnist,2049,gaussian_block_adaptive,20,NA,271.62453437366423,0.13117148015878863,20_0,0
mnist,2049,gaussian_block_adaptive,20,NA,358.61168267596565,0.17618582361982718,20_0,1
mnist,2049,gaussian_block_adaptive,20,NA,382.86131306926427,0.12620543472335727,20_0,2
mnist,2049,gaussian_block_adaptive,30,NA,362.7410612211679,0.12838215689452814,20_0,0
mnist,2049,gaussian_block_adaptive,30,NA,328.3305622866548,0.14984366294227341,20_0,1
mnist,2049,gaussian_block_adaptive,30,NA,370.31749560262125,0.1363198026720199,20_0,2
mnist,2049,gaussian_block_adaptive,40,NA,390.6332918845007,0.1101571520489589,20_0,0
mnist,2049,gaussian_block_adaptive,40,NA,302.21215855848493,0.15252649021593603,20_0,1
mnist,2049,gaussian_block_adaptive,40,NA,382.42015141002514,0.17932141558226308,20_0,2
mnist,2049,gaussian_block_adaptive,50,NA,372.4013140250238,0.13639492069551182,20_0,0
mnist,2049,gaussian_block_adaptive,50,NA,273.5235631655186,0.1410022396458058,20_0,1
mnist,2049,gaussian_block_adaptive,50,NA,348.4681082182802,0.14799196804975925,20_0,2
mnist,2049,gaussian_block_adaptive,10,NA,303.21405652401904,0.12519301752181325,25_0,0
mnist,2049,gaussian_block_adaptive,10,NA,552.8394792256194,0.13872862442417924,25_0,1
mnist,2049,gaussian_block_adaptive,10,NA,124.58044391400499,0.2096870763124983,25_0,2
mnist,2049,gaussian_block_adaptive,20,NA,551.6339489270296,0.2324996056239398,25_0,0
mnist,2049,gaussian_block_adaptive,20,NA,356.69906162277664,0.11067649257238574,25_0,1
mnist,2049,gaussian_block_adaptive,20,NA,608.6035672067497,0.1308970131290964,25_0,2
mnist,2049,gaussian_block_adaptive,30,NA,326.60264245697914,0.13675727207375077,25_0,0
mnist,2049,gaussian_block_adaptive,30,NA,467.82083777740735,0.15042923391783408,25_0,1
mnist,2049,gaussian_block_adaptive,30,NA,563.3118658017163,0.14450950834046544,25_0,2
mnist,2049,gaussian_block_adaptive,40,NA,614.2497723016007,0.1378085760054843,25_0,0
mnist,2049,gaussian_block_adaptive,40,NA,569.7993239581496,0.10868620291389496,25_0,1
mnist,2049,gaussian_block_adaptive,40,NA,542.9671483125032,0.15261984528265862,25_0,2
mnist,2049,gaussian_block_adaptive,50,NA,367.8529381436667,0.11659026891300461,25_0,0
mnist,2049,gaussian_block_adaptive,50,NA,446.7667915185815,0.15273384147620772,25_0,1
mnist,2049,gaussian_block_adaptive,50,NA,637.4037228762974,0.18541860113523723,25_0,2
mnist,2049,gaussian_block_adaptive,10,NA,454.63397178840796,0.14773577251381023,30_0,0
mnist,2049,gaussian_block_adaptive,10,NA,366.81409110010134,0.10885260730689755,30_0,1
mnist,2049,gaussian_block_adaptive,10,NA,309.29397559762754,0.16665290076562678,30_0,2
mnist,2049,gaussian_block_adaptive,20,NA,246.64722188186033,0.1284630907522954,30_0,0
mnist,2049,gaussian_block_adaptive,20,NA,484.9417901953374,0.13065029463031688,30_0,1
mnist,2049,gaussian_block_adaptive,20,NA,311.679110755162,0.17518347442410362,30_0,2
mnist,2049,gaussian_block_adaptive,30,NA,948.5788539401809,0.14336713708061952,30_0,0
mnist,2049,gaussian_block_adaptive,30,NA,718.4606878665295,0.11282098175281734,30_0,1
mnist,2049,gaussian_block_adaptive,30,NA,519.9169888569903,0.16852248087544114,30_0,2
mnist,2049,gaussian_block_adaptive,40,NA,652.3680040463665,0.1537945826649205,30_0,0
mnist,2049,gaussian_block_adaptive,40,NA,485.19828164688863,0.15620466855576792,30_0,1
mnist,2049,gaussian_block_adaptive,40,NA,720.5570333522892,0.10849333820975689,30_0,2
mnist,2049,gaussian_block_adaptive,50,NA,565.2750669892994,0.14913414737684608,30_0,0
mnist,2049,gaussian_block_adaptive,50,NA,1396.4928122579927,0.17839215039592088,30_0,1
mnist,2049,gaussian_block_adaptive,50,NA,749.219530042583,0.10026820921745348,30_0,2
